"filename", "language", "JSON", "JavaScript", "Vue", "CSS", "XML", "SCSS", "Markdown", "HTML", "comment", "blank", "total"
"f:\YajieProject\mall4v\.eslintrc.js", "JavaScript", 0, 18, 0, 0, 0, 0, 0, 0, 6, 2, 26
"f:\YajieProject\mall4v\.postcssrc.js", "JavaScript", 0, 6, 0, 0, 0, 0, 0, 0, 2, 2, 10
"f:\YajieProject\mall4v\CHANGELOG.md", "Markdown", 0, 0, 0, 0, 0, 0, 2, 0, 0, 2, 4
"f:\YajieProject\mall4v\README.md", "Markdown", 0, 0, 0, 0, 0, 0, 42, 0, 0, 47, 89
"f:\YajieProject\mall4v\build\build.js", "JavaScript", 0, 35, 0, 0, 0, 0, 0, 0, 0, 7, 42
"f:\YajieProject\mall4v\build\check-versions.js", "JavaScript", 0, 45, 0, 0, 0, 0, 0, 0, 0, 10, 55
"f:\YajieProject\mall4v\build\utils.js", "JavaScript", 0, 81, 0, 0, 0, 0, 0, 0, 5, 17, 103
"f:\YajieProject\mall4v\build\vue-loader.conf.js", "JavaScript", 0, 21, 0, 0, 0, 0, 0, 0, 0, 2, 23
"f:\YajieProject\mall4v\build\webpack.base.conf.js", "JavaScript", 0, 95, 0, 0, 0, 0, 0, 0, 5, 4, 104
"f:\YajieProject\mall4v\build\webpack.dev.conf.js", "JavaScript", 0, 68, 0, 0, 0, 0, 0, 0, 6, 7, 81
"f:\YajieProject\mall4v\build\webpack.prod.conf.js", "JavaScript", 0, 118, 0, 0, 0, 0, 0, 0, 23, 8, 149
"f:\YajieProject\mall4v\build\webpack.test.conf.js", "JavaScript", 0, 23, 0, 0, 0, 0, 0, 0, 5, 5, 33
"f:\YajieProject\mall4v\config\dev.env.js", "JavaScript", 0, 7, 0, 0, 0, 0, 0, 0, 0, 2, 9
"f:\YajieProject\mall4v\config\index.js", "JavaScript", 0, 40, 0, 0, 0, 0, 0, 0, 36, 16, 92
"f:\YajieProject\mall4v\config\prod.env.js", "JavaScript", 0, 4, 0, 0, 0, 0, 0, 0, 0, 1, 5
"f:\YajieProject\mall4v\config\test.env.js", "JavaScript", 0, 6, 0, 0, 0, 0, 0, 0, 0, 2, 8
"f:\YajieProject\mall4v\gulpfile.js", "JavaScript", 0, 48, 0, 0, 0, 0, 0, 0, 7, 10, 65
"f:\YajieProject\mall4v\index.html", "HTML", 0, 0, 0, 0, 0, 0, 0, 22, 2, 1, 25
"f:\YajieProject\mall4v\package.json", "JSON", 97, 0, 0, 0, 0, 0, 0, 0, 0, 1, 98
"f:\YajieProject\mall4v\src\App.vue", "Vue", 0, 0, 14, 0, 0, 0, 0, 0, 0, 2, 16
"f:\YajieProject\mall4v\src\assets\img\message.svg", "XML", 0, 0, 0, 0, 1, 0, 0, 0, 0, 0, 1
"f:\YajieProject\mall4v\src\assets\scss\_base.scss", "SCSS", 0, 0, 0, 0, 0, 322, 0, 0, 17, 24, 363
"f:\YajieProject\mall4v\src\assets\scss\_normalize.scss", "SCSS", 0, 0, 0, 0, 0, 189, 0, 0, 165, 93, 447
"f:\YajieProject\mall4v\src\assets\scss\_variables.scss", "SCSS", 0, 0, 0, 0, 0, 5, 0, 0, 5, 4, 14
"f:\YajieProject\mall4v\src\assets\scss\index.scss", "SCSS", 0, 0, 0, 0, 0, 3, 0, 0, 0, 1, 4
"f:\YajieProject\mall4v\src\components\file-upload\index.vue", "Vue", 0, 0, 68, 0, 0, 0, 0, 0, 2, 3, 73
"f:\YajieProject\mall4v\src\components\icon-svg\index.vue", "Vue", 0, 0, 49, 0, 0, 0, 0, 0, 0, 3, 52
"f:\YajieProject\mall4v\src\components\mul-pic-upload\index.vue", "Vue", 0, 0, 75, 0, 0, 0, 0, 0, 2, 3, 80
"f:\YajieProject\mall4v\src\components\pic-upload\index.vue", "Vue", 0, 0, 66, 0, 0, 0, 0, 0, 2, 4, 72
"f:\YajieProject\mall4v\src\components\prod-select\index.vue", "Vue", 0, 0, 66, 0, 0, 0, 0, 0, 2, 4, 72
"f:\YajieProject\mall4v\src\components\prods-select\index.vue", "Vue", 0, 0, 173, 0, 0, 0, 0, 0, 6, 2, 181
"f:\YajieProject\mall4v\src\components\tiny-mce\index.vue", "Vue", 0, 0, 196, 0, 0, 0, 0, 0, 14, 14, 224
"f:\YajieProject\mall4v\src\crud\admin\form.js", "JavaScript", 0, 68, 0, 0, 0, 0, 0, 0, 0, 1, 69
"f:\YajieProject\mall4v\src\crud\admin\indexImg.js", "JavaScript", 0, 45, 0, 0, 0, 0, 0, 0, 0, 1, 46
"f:\YajieProject\mall4v\src\crud\admin\message.js", "JavaScript", 0, 50, 0, 0, 0, 0, 0, 0, 0, 1, 51
"f:\YajieProject\mall4v\src\crud\group\closedList.js", "JavaScript", 0, 40, 0, 0, 0, 0, 0, 0, 0, 1, 41
"f:\YajieProject\mall4v\src\crud\group\nonverifyList.js", "JavaScript", 0, 40, 0, 0, 0, 0, 0, 0, 0, 1, 41
"f:\YajieProject\mall4v\src\crud\group\unverifiedList.js", "JavaScript", 0, 40, 0, 0, 0, 0, 0, 0, 0, 1, 41
"f:\YajieProject\mall4v\src\crud\group\verifiedList.js", "JavaScript", 0, 37, 0, 0, 0, 0, 0, 0, 0, 1, 38
"f:\YajieProject\mall4v\src\crud\note\noteList.js", "JavaScript", 0, 40, 0, 0, 0, 0, 0, 0, 0, 1, 41
"f:\YajieProject\mall4v\src\crud\prod\prodComm.js", "JavaScript", 0, 74, 0, 0, 0, 0, 0, 0, 0, 1, 75
"f:\YajieProject\mall4v\src\crud\prod\prodList.js", "JavaScript", 0, 56, 0, 0, 0, 0, 0, 0, 0, 2, 58
"f:\YajieProject\mall4v\src\crud\prod\prodTag.js", "JavaScript", 0, 43, 0, 0, 0, 0, 0, 0, 0, 1, 44
"f:\YajieProject\mall4v\src\crud\prod\spec.js", "JavaScript", 0, 31, 0, 0, 0, 0, 0, 0, 0, 1, 32
"f:\YajieProject\mall4v\src\crud\shop\hotSearch.js", "JavaScript", 0, 50, 0, 0, 0, 0, 0, 0, 0, 1, 51
"f:\YajieProject\mall4v\src\crud\shop\notice.js", "JavaScript", 0, 50, 0, 0, 0, 0, 0, 0, 0, 1, 51
"f:\YajieProject\mall4v\src\crud\shop\pickAddr.js", "JavaScript", 0, 41, 0, 0, 0, 0, 0, 0, 0, 1, 42
"f:\YajieProject\mall4v\src\crud\shop\transport.js", "JavaScript", 0, 25, 0, 0, 0, 0, 0, 0, 0, 1, 26
"f:\YajieProject\mall4v\src\crud\sys\area.js", "JavaScript", 0, 28, 0, 0, 0, 0, 0, 0, 0, 1, 29
"f:\YajieProject\mall4v\src\crud\sys\config.js", "JavaScript", 0, 31, 0, 0, 0, 0, 0, 0, 0, 1, 32
"f:\YajieProject\mall4v\src\crud\sys\log.js", "JavaScript", 0, 45, 0, 0, 0, 0, 0, 0, 0, 1, 46
"f:\YajieProject\mall4v\src\crud\sys\role.js", "JavaScript", 0, 31, 0, 0, 0, 0, 0, 0, 0, 1, 32
"f:\YajieProject\mall4v\src\crud\sys\user.js", "JavaScript", 0, 47, 0, 0, 0, 0, 0, 0, 0, 2, 49
"f:\YajieProject\mall4v\src\crud\user\addr.js", "JavaScript", 0, 78, 0, 0, 0, 0, 0, 0, 0, 1, 79
"f:\YajieProject\mall4v\src\crud\user\user.js", "JavaScript", 0, 46, 0, 0, 0, 0, 0, 0, 0, 2, 48
"f:\YajieProject\mall4v\src\element-ui-theme\style.css", "CSS", 0, 0, 0, 1, 0, 0, 0, 0, 0, 1, 2
"f:\YajieProject\mall4v\src\element-ui\index.js", "JavaScript", 0, 148, 0, 0, 0, 0, 0, 0, 9, 4, 161
"f:\YajieProject\mall4v\src\icons\iconfont.js", "JavaScript", 0, 0, 0, 0, 0, 0, 0, 0, 0, 1, 1
"f:\YajieProject\mall4v\src\icons\index.js", "JavaScript", 0, 11, 0, 0, 0, 0, 0, 0, 13, 4, 28
"f:\YajieProject\mall4v\src\icons\svg\icon-admin.svg", "XML", 0, 0, 0, 0, 1, 0, 0, 0, 0, 0, 1
"f:\YajieProject\mall4v\src\icons\svg\icon-bianji.svg", "XML", 0, 0, 0, 0, 1, 0, 0, 0, 0, 0, 1
"f:\YajieProject\mall4v\src\icons\svg\icon-config.svg", "XML", 0, 0, 0, 0, 1, 0, 0, 0, 0, 0, 1
"f:\YajieProject\mall4v\src\icons\svg\icon-dangdifill.svg", "XML", 0, 0, 0, 0, 1, 0, 0, 0, 0, 0, 1
"f:\YajieProject\mall4v\src\icons\svg\icon-daohang.svg", "XML", 0, 0, 0, 0, 1, 0, 0, 0, 0, 0, 1
"f:\YajieProject\mall4v\src\icons\svg\icon-duanxin.svg", "XML", 0, 0, 0, 0, 1, 0, 0, 0, 0, 0, 1
"f:\YajieProject\mall4v\src\icons\svg\icon-editor.svg", "XML", 0, 0, 0, 0, 1, 0, 0, 0, 0, 0, 1
"f:\YajieProject\mall4v\src\icons\svg\icon-form.svg", "XML", 0, 0, 0, 0, 1, 0, 0, 0, 0, 0, 1
"f:\YajieProject\mall4v\src\icons\svg\icon-geren.svg", "XML", 0, 0, 0, 0, 1, 0, 0, 0, 0, 0, 1
"f:\YajieProject\mall4v\src\icons\svg\icon-jiesuo.svg", "XML", 0, 0, 0, 0, 1, 0, 0, 0, 0, 0, 1
"f:\YajieProject\mall4v\src\icons\svg\icon-job.svg", "XML", 0, 0, 0, 0, 1, 0, 0, 0, 0, 0, 1
"f:\YajieProject\mall4v\src\icons\svg\icon-log.svg", "XML", 0, 0, 0, 0, 1, 0, 0, 0, 0, 0, 1
"f:\YajieProject\mall4v\src\icons\svg\icon-menu.svg", "XML", 0, 0, 0, 0, 1, 0, 0, 0, 0, 0, 1
"f:\YajieProject\mall4v\src\icons\svg\icon-mudedi.svg", "XML", 0, 0, 0, 0, 1, 0, 0, 0, 0, 0, 1
"f:\YajieProject\mall4v\src\icons\svg\icon-order.svg", "XML", 0, 0, 0, 0, 1, 0, 0, 0, 0, 0, 1
"f:\YajieProject\mall4v\src\icons\svg\icon-oss.svg", "XML", 0, 0, 0, 0, 1, 0, 0, 0, 0, 0, 1
"f:\YajieProject\mall4v\src\icons\svg\icon-pinglun.svg", "XML", 0, 0, 0, 0, 1, 0, 0, 0, 0, 0, 1
"f:\YajieProject\mall4v\src\icons\svg\icon-prod.svg", "XML", 0, 0, 0, 0, 1, 0, 0, 0, 0, 0, 1
"f:\YajieProject\mall4v\src\icons\svg\icon-role.svg", "XML", 0, 0, 0, 0, 1, 0, 0, 0, 0, 0, 1
"f:\YajieProject\mall4v\src\icons\svg\icon-shanchu.svg", "XML", 0, 0, 0, 0, 1, 0, 0, 0, 0, 0, 1
"f:\YajieProject\mall4v\src\icons\svg\icon-shezhi.svg", "XML", 0, 0, 0, 0, 1, 0, 0, 0, 0, 0, 1
"f:\YajieProject\mall4v\src\icons\svg\icon-shoucang.svg", "XML", 0, 0, 0, 0, 1, 0, 0, 0, 0, 0, 1
"f:\YajieProject\mall4v\src\icons\svg\icon-shoucangfill.svg", "XML", 0, 0, 0, 0, 1, 0, 0, 0, 0, 0, 1
"f:\YajieProject\mall4v\src\icons\svg\icon-shouye.svg", "XML", 0, 0, 0, 0, 1, 0, 0, 0, 0, 0, 1
"f:\YajieProject\mall4v\src\icons\svg\icon-sousuo.svg", "XML", 0, 0, 0, 0, 1, 0, 0, 0, 0, 0, 1
"f:\YajieProject\mall4v\src\icons\svg\icon-sql.svg", "XML", 0, 0, 0, 0, 1, 0, 0, 0, 0, 0, 1
"f:\YajieProject\mall4v\src\icons\svg\icon-store.svg", "XML", 0, 0, 0, 0, 1, 0, 0, 0, 0, 0, 1
"f:\YajieProject\mall4v\src\icons\svg\icon-suoding.svg", "XML", 0, 0, 0, 0, 1, 0, 0, 0, 0, 0, 1
"f:\YajieProject\mall4v\src\icons\svg\icon-system.svg", "XML", 0, 0, 0, 0, 1, 0, 0, 0, 0, 0, 1
"f:\YajieProject\mall4v\src\icons\svg\icon-tixing.svg", "XML", 0, 0, 0, 0, 1, 0, 0, 0, 0, 0, 1
"f:\YajieProject\mall4v\src\icons\svg\icon-tubiao.svg", "XML", 0, 0, 0, 0, 1, 0, 0, 0, 0, 0, 1
"f:\YajieProject\mall4v\src\icons\svg\icon-vip.svg", "XML", 0, 0, 0, 0, 1, 0, 0, 0, 0, 0, 1
"f:\YajieProject\mall4v\src\icons\svg\icon-xiangqu.svg", "XML", 0, 0, 0, 0, 1, 0, 0, 0, 0, 0, 1
"f:\YajieProject\mall4v\src\icons\svg\icon-xiangqufill.svg", "XML", 0, 0, 0, 0, 1, 0, 0, 0, 0, 0, 1
"f:\YajieProject\mall4v\src\icons\svg\icon-zhedie.svg", "XML", 0, 0, 0, 0, 1, 0, 0, 0, 0, 0, 1
"f:\YajieProject\mall4v\src\icons\svg\icon-zonghe.svg", "XML", 0, 0, 0, 0, 1, 0, 0, 0, 0, 0, 1
"f:\YajieProject\mall4v\src\main.js", "JavaScript", 0, 28, 0, 0, 0, 0, 0, 0, 3, 5, 36
"f:\YajieProject\mall4v\src\router\import-development.js", "JavaScript", 0, 1, 0, 0, 0, 0, 0, 0, 0, 1, 2
"f:\YajieProject\mall4v\src\router\import-production.js", "JavaScript", 0, 1, 0, 0, 0, 0, 0, 0, 0, 1, 2
"f:\YajieProject\mall4v\src\router\index.js", "JavaScript", 0, 111, 0, 0, 0, 0, 0, 0, 27, 10, 148
"f:\YajieProject\mall4v\src\store\index.js", "JavaScript", 0, 22, 0, 0, 0, 0, 0, 0, 1, 3, 26
"f:\YajieProject\mall4v\src\store\modules\common.js", "JavaScript", 0, 45, 0, 0, 0, 0, 0, 0, 7, 2, 54
"f:\YajieProject\mall4v\src\store\modules\prod.js", "JavaScript", 0, 35, 0, 0, 0, 0, 0, 0, 0, 1, 36
"f:\YajieProject\mall4v\src\store\modules\user.js", "JavaScript", 0, 15, 0, 0, 0, 0, 0, 0, 0, 1, 16
"f:\YajieProject\mall4v\src\utils\httpRequest.js", "JavaScript", 0, 80, 0, 0, 0, 0, 0, 0, 24, 8, 112
"f:\YajieProject\mall4v\src\utils\index.js", "JavaScript", 0, 67, 0, 0, 0, 0, 0, 0, 27, 7, 101
"f:\YajieProject\mall4v\src\utils\validate.js", "JavaScript", 0, 12, 0, 0, 0, 0, 0, 0, 16, 4, 32
"f:\YajieProject\mall4v\src\views\common\404.vue", "Vue", 0, 0, 59, 0, 0, 0, 0, 0, 0, 3, 62
"f:\YajieProject\mall4v\src\views\common\home.vue", "Vue", 0, 0, 152, 0, 0, 0, 0, 0, 0, 4, 156
"f:\YajieProject\mall4v\src\views\common\login.vue", "Vue", 0, 0, 163, 0, 0, 0, 0, 0, 2, 4, 169
"f:\YajieProject\mall4v\src\views\main-content.vue", "Vue", 0, 0, 116, 0, 0, 0, 0, 0, 7, 3, 126
"f:\YajieProject\mall4v\src\views\main-navbar-update-password.vue", "Vue", 0, 0, 104, 0, 0, 0, 0, 0, 2, 3, 109
"f:\YajieProject\mall4v\src\views\main-navbar.vue", "Vue", 0, 0, 90, 0, 0, 0, 0, 0, 2, 2, 94
"f:\YajieProject\mall4v\src\views\main-sidebar-sub-menu.vue", "Vue", 0, 0, 53, 0, 0, 0, 0, 0, 1, 2, 56
"f:\YajieProject\mall4v\src\views\main-sidebar.vue", "Vue", 0, 0, 93, 0, 0, 0, 0, 0, 2, 2, 97
"f:\YajieProject\mall4v\src\views\main.vue", "Vue", 0, 0, 74, 0, 0, 0, 0, 0, 2, 2, 78
"f:\YajieProject\mall4v\src\views\modules\admin\indexImg-add-or-update.vue", "Vue", 0, 0, 202, 0, 0, 0, 0, 0, 8, 2, 212
"f:\YajieProject\mall4v\src\views\modules\admin\indexImg.vue", "Vue", 0, 0, 134, 0, 0, 0, 0, 0, 6, 7, 147
"f:\YajieProject\mall4v\src\views\modules\admin\message-add-or-update.vue", "Vue", 0, 0, 152, 0, 0, 0, 0, 0, 1, 2, 155
"f:\YajieProject\mall4v\src\views\modules\admin\message.vue", "Vue", 0, 0, 192, 0, 0, 0, 0, 0, 7, 7, 206
"f:\YajieProject\mall4v\src\views\modules\group\adminGroup.vue", "Vue", 0, 0, 153, 0, 0, 0, 0, 0, 8, 3, 164
"f:\YajieProject\mall4v\src\views\modules\group\closedList.vue", "Vue", 0, 0, 97, 0, 0, 0, 0, 0, 4, 5, 106
"f:\YajieProject\mall4v\src\views\modules\group\nonverifyList.vue", "Vue", 0, 0, 77, 0, 0, 0, 0, 0, 3, 5, 85
"f:\YajieProject\mall4v\src\views\modules\group\unverifiedList.vue", "Vue", 0, 0, 77, 0, 0, 0, 0, 0, 3, 7, 87
"f:\YajieProject\mall4v\src\views\modules\group\verifiedList.vue", "Vue", 0, 0, 110, 0, 0, 0, 0, 0, 4, 7, 121
"f:\YajieProject\mall4v\src\views\modules\group\verifyGroup.vue", "Vue", 0, 0, 94, 0, 0, 0, 0, 0, 1, 3, 98
"f:\YajieProject\mall4v\src\views\modules\note\note-list.vue", "Vue", 0, 0, 96, 0, 0, 0, 0, 0, 28, 3, 127
"f:\YajieProject\mall4v\src\views\modules\note\note-update.vue", "Vue", 0, 0, 167, 0, 0, 0, 0, 0, 36, 4, 207
"f:\YajieProject\mall4v\src\views\modules\note\noteList.vue", "Vue", 0, 0, 109, 0, 0, 0, 0, 0, 3, 3, 115
"f:\YajieProject\mall4v\src\views\modules\note\viewNote.vue", "Vue", 0, 0, 132, 0, 0, 0, 0, 0, 4, 4, 140
"f:\YajieProject\mall4v\src\views\modules\order\consignment-info.vue", "Vue", 0, 0, 80, 0, 0, 0, 0, 0, 1, 1, 82
"f:\YajieProject\mall4v\src\views\modules\order\order-add-or-update.vue", "Vue", 0, 0, 354, 0, 0, 0, 0, 0, 1, 46, 401
"f:\YajieProject\mall4v\src\views\modules\order\order-addr.vue", "Vue", 0, 0, 78, 0, 0, 0, 0, 0, 1, 1, 80
"f:\YajieProject\mall4v\src\views\modules\order\order-devy.vue", "Vue", 0, 0, 87, 0, 0, 0, 0, 0, 1, 1, 89
"f:\YajieProject\mall4v\src\views\modules\order\order.vue", "Vue", 0, 0, 470, 0, 0, 0, 0, 0, 9, 3, 482
"f:\YajieProject\mall4v\src\views\modules\order\orderInfo.vue", "Vue", 0, 0, 431, 0, 0, 0, 0, 0, 7, 39, 477
"f:\YajieProject\mall4v\src\views\modules\prod\category-add-or-update.vue", "Vue", 0, 0, 173, 0, 0, 0, 0, 0, 2, 1, 176
"f:\YajieProject\mall4v\src\views\modules\prod\category.vue", "Vue", 0, 0, 139, 0, 0, 0, 0, 0, 3, 4, 146
"f:\YajieProject\mall4v\src\views\modules\prod\prod-transport.vue", "Vue", 0, 0, 136, 0, 0, 0, 0, 0, 0, 3, 139
"f:\YajieProject\mall4v\src\views\modules\prod\prodComm-add-or-update.vue", "Vue", 0, 0, 156, 0, 0, 0, 0, 0, 1, 8, 165
"f:\YajieProject\mall4v\src\views\modules\prod\prodComm.vue", "Vue", 0, 0, 114, 0, 0, 0, 0, 0, 4, 7, 125
"f:\YajieProject\mall4v\src\views\modules\prod\prodInfo.vue", "Vue", 0, 0, 272, 0, 0, 0, 0, 0, 18, 5, 295
"f:\YajieProject\mall4v\src\views\modules\prod\prodList.vue", "Vue", 0, 0, 135, 0, 0, 0, 0, 0, 5, 6, 146
"f:\YajieProject\mall4v\src\views\modules\prod\prodTag-add-or-update.vue", "Vue", 0, 0, 102, 0, 0, 0, 0, 0, 1, 3, 106
"f:\YajieProject\mall4v\src\views\modules\prod\prodTag.vue", "Vue", 0, 0, 133, 0, 0, 0, 0, 0, 4, 7, 144
"f:\YajieProject\mall4v\src\views\modules\prod\sku-table.vue", "Vue", 0, 0, 191, 0, 0, 0, 0, 0, 5, 5, 201
"f:\YajieProject\mall4v\src\views\modules\prod\sku-tag.vue", "Vue", 0, 0, 264, 0, 0, 0, 0, 0, 24, 4, 292
"f:\YajieProject\mall4v\src\views\modules\prod\spec-add-or-update.vue", "Vue", 0, 0, 128, 0, 0, 0, 0, 0, 1, 0, 129
"f:\YajieProject\mall4v\src\views\modules\prod\spec.vue", "Vue", 0, 0, 138, 0, 0, 0, 0, 0, 3, 7, 148
"f:\YajieProject\mall4v\src\views\modules\shop\hotSearch-add-or-update.vue", "Vue", 0, 0, 118, 0, 0, 0, 0, 0, 1, 4, 123
"f:\YajieProject\mall4v\src\views\modules\shop\hotSearch.vue", "Vue", 0, 0, 134, 0, 0, 0, 0, 0, 5, 9, 148
"f:\YajieProject\mall4v\src\views\modules\shop\notice-add-or-update.vue", "Vue", 0, 0, 105, 0, 0, 0, 0, 0, 1, 3, 109
"f:\YajieProject\mall4v\src\views\modules\shop\notice.vue", "Vue", 0, 0, 133, 0, 0, 0, 0, 0, 4, 6, 143
"f:\YajieProject\mall4v\src\views\modules\shop\pickAddr-add-or-update.vue", "Vue", 0, 0, 230, 0, 0, 0, 0, 0, 8, 3, 241
"f:\YajieProject\mall4v\src\views\modules\shop\pickAddr.vue", "Vue", 0, 0, 137, 0, 0, 0, 0, 0, 5, 7, 149
"f:\YajieProject\mall4v\src\views\modules\shop\transcity-add-or-update.vue", "Vue", 0, 0, 106, 0, 0, 0, 0, 0, 2, 3, 111
"f:\YajieProject\mall4v\src\views\modules\shop\transport-add-or-update.vue", "Vue", 0, 0, 376, 0, 0, 0, 0, 0, 10, 2, 388
"f:\YajieProject\mall4v\src\views\modules\shop\transport.vue", "Vue", 0, 0, 138, 0, 0, 0, 0, 0, 5, 7, 150
"f:\YajieProject\mall4v\src\views\modules\sys\area-add-or-update.vue", "Vue", 0, 0, 121, 0, 0, 0, 0, 0, 1, 2, 124
"f:\YajieProject\mall4v\src\views\modules\sys\area.vue", "Vue", 0, 0, 155, 0, 0, 0, 0, 0, 2, 10, 167
"f:\YajieProject\mall4v\src\views\modules\sys\config-add-or-update.vue", "Vue", 0, 0, 91, 0, 0, 0, 0, 0, 1, 2, 94
"f:\YajieProject\mall4v\src\views\modules\sys\config.vue", "Vue", 0, 0, 119, 0, 0, 0, 0, 0, 5, 4, 128
"f:\YajieProject\mall4v\src\views\modules\sys\log.vue", "Vue", 0, 0, 57, 0, 0, 0, 0, 0, 2, 2, 61
"f:\YajieProject\mall4v\src\views\modules\sys\menu-add-or-update.vue", "Vue", 0, 0, 223, 0, 0, 0, 0, 0, 3, 4, 230
"f:\YajieProject\mall4v\src\views\modules\sys\menu.vue", "Vue", 0, 0, 145, 0, 0, 0, 0, 0, 3, 2, 150
"f:\YajieProject\mall4v\src\views\modules\sys\role-add-or-update.vue", "Vue", 0, 0, 115, 0, 0, 0, 0, 0, 1, 2, 118
"f:\YajieProject\mall4v\src\views\modules\sys\role.vue", "Vue", 0, 0, 123, 0, 0, 0, 0, 0, 5, 5, 133
"f:\YajieProject\mall4v\src\views\modules\sys\schedule-add-or-update.vue", "Vue", 0, 0, 109, 0, 0, 0, 0, 0, 1, 2, 112
"f:\YajieProject\mall4v\src\views\modules\sys\schedule-log.vue", "Vue", 0, 0, 138, 0, 0, 0, 0, 0, 4, 2, 144
"f:\YajieProject\mall4v\src\views\modules\sys\schedule.vue", "Vue", 0, 0, 305, 0, 0, 0, 0, 0, 10, 3, 318
"f:\YajieProject\mall4v\src\views\modules\sys\user-add-or-update.vue", "Vue", 0, 0, 169, 0, 0, 0, 0, 0, 1, 2, 172
"f:\YajieProject\mall4v\src\views\modules\sys\user.vue", "Vue", 0, 0, 123, 0, 0, 0, 0, 0, 5, 4, 132
"f:\YajieProject\mall4v\src\views\modules\user\addr-add-or-update.vue", "Vue", 0, 0, 214, 0, 0, 0, 0, 0, 8, 3, 225
"f:\YajieProject\mall4v\src\views\modules\user\addr.vue", "Vue", 0, 0, 119, 0, 0, 0, 0, 0, 4, 3, 126
"f:\YajieProject\mall4v\src\views\modules\user\user-add-or-update.vue", "Vue", 0, 0, 106, 0, 0, 0, 0, 0, 1, 2, 109
"f:\YajieProject\mall4v\src\views\modules\user\user.vue", "Vue", 0, 0, 174, 0, 0, 0, 0, 0, 5, 9, 188
"f:\YajieProject\mall4v\static\config\index-prod.js", "JavaScript", 0, 8, 0, 0, 0, 0, 0, 0, 6, 2, 16
"f:\YajieProject\mall4v\static\config\index-qa.js", "JavaScript", 0, 8, 0, 0, 0, 0, 0, 0, 6, 2, 16
"f:\YajieProject\mall4v\static\config\index-uat.js", "JavaScript", 0, 8, 0, 0, 0, 0, 0, 0, 6, 3, 17
"f:\YajieProject\mall4v\static\config\index.js", "JavaScript", 0, 8, 0, 0, 0, 0, 0, 0, 6, 3, 17
"f:\YajieProject\mall4v\static\config\init.js", "JavaScript", 0, 62, 0, 0, 0, 0, 0, 0, 10, 4, 76
"f:\YajieProject\mall4v\static\plugins\echarts-4.2.1\echarts.common.min.js", "JavaScript", 0, 1, 0, 0, 0, 0, 0, 0, 18, 4, 23
"f:\YajieProject\mall4v\static\plugins\tinymce.4.9.4\plugins\advlist\index.js", "JavaScript", 0, 1, 0, 0, 0, 0, 0, 0, 6, 0, 7
"f:\YajieProject\mall4v\static\plugins\tinymce.4.9.4\plugins\advlist\plugin.js", "JavaScript", 0, 149, 0, 0, 0, 0, 0, 0, 0, 12, 161
"f:\YajieProject\mall4v\static\plugins\tinymce.4.9.4\plugins\advlist\plugin.min.js", "JavaScript", 0, 1, 0, 0, 0, 0, 0, 0, 0, 0, 1
"f:\YajieProject\mall4v\static\plugins\tinymce.4.9.4\plugins\anchor\index.js", "JavaScript", 0, 1, 0, 0, 0, 0, 0, 0, 6, 0, 7
"f:\YajieProject\mall4v\static\plugins\tinymce.4.9.4\plugins\anchor\plugin.js", "JavaScript", 0, 109, 0, 0, 0, 0, 0, 0, 0, 10, 119
"f:\YajieProject\mall4v\static\plugins\tinymce.4.9.4\plugins\anchor\plugin.min.js", "JavaScript", 0, 1, 0, 0, 0, 0, 0, 0, 0, 0, 1
"f:\YajieProject\mall4v\static\plugins\tinymce.4.9.4\plugins\autolink\index.js", "JavaScript", 0, 1, 0, 0, 0, 0, 0, 0, 6, 0, 7
"f:\YajieProject\mall4v\static\plugins\tinymce.4.9.4\plugins\autolink\plugin.js", "JavaScript", 0, 173, 0, 0, 0, 0, 0, 0, 0, 8, 181
"f:\YajieProject\mall4v\static\plugins\tinymce.4.9.4\plugins\autolink\plugin.min.js", "JavaScript", 0, 1, 0, 0, 0, 0, 0, 0, 0, 0, 1
"f:\YajieProject\mall4v\static\plugins\tinymce.4.9.4\plugins\autoresize\index.js", "JavaScript", 0, 1, 0, 0, 0, 0, 0, 0, 6, 0, 7
"f:\YajieProject\mall4v\static\plugins\tinymce.4.9.4\plugins\autoresize\plugin.js", "JavaScript", 0, 159, 0, 0, 0, 0, 0, 0, 0, 11, 170
"f:\YajieProject\mall4v\static\plugins\tinymce.4.9.4\plugins\autoresize\plugin.min.js", "JavaScript", 0, 1, 0, 0, 0, 0, 0, 0, 0, 0, 1
"f:\YajieProject\mall4v\static\plugins\tinymce.4.9.4\plugins\autosave\index.js", "JavaScript", 0, 1, 0, 0, 0, 0, 0, 0, 6, 0, 7
"f:\YajieProject\mall4v\static\plugins\tinymce.4.9.4\plugins\autosave\plugin.js", "JavaScript", 0, 211, 0, 0, 0, 0, 0, 0, 0, 16, 227
"f:\YajieProject\mall4v\static\plugins\tinymce.4.9.4\plugins\autosave\plugin.min.js", "JavaScript", 0, 1, 0, 0, 0, 0, 0, 0, 0, 0, 1
"f:\YajieProject\mall4v\static\plugins\tinymce.4.9.4\plugins\bbcode\index.js", "JavaScript", 0, 1, 0, 0, 0, 0, 0, 0, 6, 0, 7
"f:\YajieProject\mall4v\static\plugins\tinymce.4.9.4\plugins\bbcode\plugin.js", "JavaScript", 0, 95, 0, 0, 0, 0, 0, 0, 0, 7, 102
"f:\YajieProject\mall4v\static\plugins\tinymce.4.9.4\plugins\bbcode\plugin.min.js", "JavaScript", 0, 1, 0, 0, 0, 0, 0, 0, 0, 0, 1
"f:\YajieProject\mall4v\static\plugins\tinymce.4.9.4\plugins\charmap\index.js", "JavaScript", 0, 1, 0, 0, 0, 0, 0, 0, 6, 0, 7
"f:\YajieProject\mall4v\static\plugins\tinymce.4.9.4\plugins\charmap\plugin.js", "JavaScript", 0, 1261, 0, 0, 0, 0, 0, 0, 0, 15, 1276
"f:\YajieProject\mall4v\static\plugins\tinymce.4.9.4\plugins\charmap\plugin.min.js", "JavaScript", 0, 1, 0, 0, 0, 0, 0, 0, 0, 0, 1
"f:\YajieProject\mall4v\static\plugins\tinymce.4.9.4\plugins\code\index.js", "JavaScript", 0, 1, 0, 0, 0, 0, 0, 0, 6, 0, 7
"f:\YajieProject\mall4v\static\plugins\tinymce.4.9.4\plugins\code\plugin.js", "JavaScript", 0, 84, 0, 0, 0, 0, 0, 0, 0, 11, 95
"f:\YajieProject\mall4v\static\plugins\tinymce.4.9.4\plugins\code\plugin.min.js", "JavaScript", 0, 1, 0, 0, 0, 0, 0, 0, 0, 0, 1
"f:\YajieProject\mall4v\static\plugins\tinymce.4.9.4\plugins\codesample\css\prism.css", "CSS", 0, 0, 0, 109, 0, 0, 0, 0, 8, 22, 139
"f:\YajieProject\mall4v\static\plugins\tinymce.4.9.4\plugins\codesample\index.js", "JavaScript", 0, 1, 0, 0, 0, 0, 0, 0, 6, 0, 7
"f:\YajieProject\mall4v\static\plugins\tinymce.4.9.4\plugins\codesample\plugin.js", "JavaScript", 0, 951, 0, 0, 0, 0, 0, 0, 0, 17, 968
"f:\YajieProject\mall4v\static\plugins\tinymce.4.9.4\plugins\codesample\plugin.min.js", "JavaScript", 0, 1, 0, 0, 0, 0, 0, 0, 0, 0, 1
"f:\YajieProject\mall4v\static\plugins\tinymce.4.9.4\plugins\colorpicker\index.js", "JavaScript", 0, 1, 0, 0, 0, 0, 0, 0, 6, 0, 7
"f:\YajieProject\mall4v\static\plugins\tinymce.4.9.4\plugins\colorpicker\plugin.js", "JavaScript", 0, 120, 0, 0, 0, 0, 0, 0, 0, 7, 127
"f:\YajieProject\mall4v\static\plugins\tinymce.4.9.4\plugins\colorpicker\plugin.min.js", "JavaScript", 0, 1, 0, 0, 0, 0, 0, 0, 0, 0, 1
"f:\YajieProject\mall4v\static\plugins\tinymce.4.9.4\plugins\contextmenu\index.js", "JavaScript", 0, 1, 0, 0, 0, 0, 0, 0, 6, 0, 7
"f:\YajieProject\mall4v\static\plugins\tinymce.4.9.4\plugins\contextmenu\plugin.js", "JavaScript", 0, 154, 0, 0, 0, 0, 0, 0, 0, 15, 169
"f:\YajieProject\mall4v\static\plugins\tinymce.4.9.4\plugins\contextmenu\plugin.min.js", "JavaScript", 0, 1, 0, 0, 0, 0, 0, 0, 0, 0, 1
"f:\YajieProject\mall4v\static\plugins\tinymce.4.9.4\plugins\directionality\index.js", "JavaScript", 0, 1, 0, 0, 0, 0, 0, 0, 6, 0, 7
"f:\YajieProject\mall4v\static\plugins\tinymce.4.9.4\plugins\directionality\plugin.js", "JavaScript", 0, 58, 0, 0, 0, 0, 0, 0, 0, 9, 67
"f:\YajieProject\mall4v\static\plugins\tinymce.4.9.4\plugins\directionality\plugin.min.js", "JavaScript", 0, 1, 0, 0, 0, 0, 0, 0, 0, 0, 1
"f:\YajieProject\mall4v\static\plugins\tinymce.4.9.4\plugins\emoticons\index.js", "JavaScript", 0, 1, 0, 0, 0, 0, 0, 0, 6, 0, 7
"f:\YajieProject\mall4v\static\plugins\tinymce.4.9.4\plugins\emoticons\plugin.js", "JavaScript", 0, 80, 0, 0, 0, 0, 0, 0, 0, 8, 88
"f:\YajieProject\mall4v\static\plugins\tinymce.4.9.4\plugins\emoticons\plugin.min.js", "JavaScript", 0, 1, 0, 0, 0, 0, 0, 0, 0, 0, 1
"f:\YajieProject\mall4v\static\plugins\tinymce.4.9.4\plugins\fullpage\index.js", "JavaScript", 0, 1, 0, 0, 0, 0, 0, 0, 6, 0, 7
"f:\YajieProject\mall4v\static\plugins\tinymce.4.9.4\plugins\fullpage\plugin.js", "JavaScript", 0, 503, 0, 0, 0, 0, 0, 0, 0, 17, 520
"f:\YajieProject\mall4v\static\plugins\tinymce.4.9.4\plugins\fullpage\plugin.min.js", "JavaScript", 0, 1, 0, 0, 0, 0, 0, 0, 0, 0, 1
"f:\YajieProject\mall4v\static\plugins\tinymce.4.9.4\plugins\fullscreen\index.js", "JavaScript", 0, 1, 0, 0, 0, 0, 0, 0, 6, 0, 7
"f:\YajieProject\mall4v\static\plugins\tinymce.4.9.4\plugins\fullscreen\plugin.js", "JavaScript", 0, 166, 0, 0, 0, 0, 0, 0, 0, 12, 178
"f:\YajieProject\mall4v\static\plugins\tinymce.4.9.4\plugins\fullscreen\plugin.min.js", "JavaScript", 0, 1, 0, 0, 0, 0, 0, 0, 0, 0, 1
"f:\YajieProject\mall4v\static\plugins\tinymce.4.9.4\plugins\help\index.js", "JavaScript", 0, 1, 0, 0, 0, 0, 0, 0, 6, 0, 7
"f:\YajieProject\mall4v\static\plugins\tinymce.4.9.4\plugins\help\plugin.js", "JavaScript", 0, 673, 0, 0, 0, 0, 0, 0, 0, 55, 728
"f:\YajieProject\mall4v\static\plugins\tinymce.4.9.4\plugins\help\plugin.min.js", "JavaScript", 0, 1, 0, 0, 0, 0, 0, 0, 0, 0, 1
"f:\YajieProject\mall4v\static\plugins\tinymce.4.9.4\plugins\hr\index.js", "JavaScript", 0, 1, 0, 0, 0, 0, 0, 0, 6, 0, 7
"f:\YajieProject\mall4v\static\plugins\tinymce.4.9.4\plugins\hr\plugin.js", "JavaScript", 0, 33, 0, 0, 0, 0, 0, 0, 0, 7, 40
"f:\YajieProject\mall4v\static\plugins\tinymce.4.9.4\plugins\hr\plugin.min.js", "JavaScript", 0, 1, 0, 0, 0, 0, 0, 0, 0, 0, 1
"f:\YajieProject\mall4v\static\plugins\tinymce.4.9.4\plugins\image\index.js", "JavaScript", 0, 1, 0, 0, 0, 0, 0, 0, 6, 0, 7
"f:\YajieProject\mall4v\static\plugins\tinymce.4.9.4\plugins\image\plugin.js", "JavaScript", 0, 1180, 0, 0, 0, 0, 0, 0, 0, 32, 1212
"f:\YajieProject\mall4v\static\plugins\tinymce.4.9.4\plugins\image\plugin.min.js", "JavaScript", 0, 1, 0, 0, 0, 0, 0, 0, 0, 0, 1
"f:\YajieProject\mall4v\static\plugins\tinymce.4.9.4\plugins\imagetools\index.js", "JavaScript", 0, 1, 0, 0, 0, 0, 0, 0, 6, 0, 7
"f:\YajieProject\mall4v\static\plugins\tinymce.4.9.4\plugins\imagetools\plugin.js", "JavaScript", 0, 3601, 0, 0, 0, 0, 0, 0, 0, 84, 3685
"f:\YajieProject\mall4v\static\plugins\tinymce.4.9.4\plugins\imagetools\plugin.min.js", "JavaScript", 0, 1, 0, 0, 0, 0, 0, 0, 0, 0, 1
"f:\YajieProject\mall4v\static\plugins\tinymce.4.9.4\plugins\importcss\index.js", "JavaScript", 0, 1, 0, 0, 0, 0, 0, 0, 6, 0, 7
"f:\YajieProject\mall4v\static\plugins\tinymce.4.9.4\plugins\importcss\plugin.js", "JavaScript", 0, 253, 0, 0, 0, 0, 0, 0, 0, 12, 265
"f:\YajieProject\mall4v\static\plugins\tinymce.4.9.4\plugins\importcss\plugin.min.js", "JavaScript", 0, 1, 0, 0, 0, 0, 0, 0, 0, 0, 1
"f:\YajieProject\mall4v\static\plugins\tinymce.4.9.4\plugins\insertdatetime\index.js", "JavaScript", 0, 1, 0, 0, 0, 0, 0, 0, 6, 0, 7
"f:\YajieProject\mall4v\static\plugins\tinymce.4.9.4\plugins\insertdatetime\plugin.js", "JavaScript", 0, 163, 0, 0, 0, 0, 0, 0, 0, 11, 174
"f:\YajieProject\mall4v\static\plugins\tinymce.4.9.4\plugins\insertdatetime\plugin.min.js", "JavaScript", 0, 1, 0, 0, 0, 0, 0, 0, 0, 0, 1
"f:\YajieProject\mall4v\static\plugins\tinymce.4.9.4\plugins\legacyoutput\index.js", "JavaScript", 0, 1, 0, 0, 0, 0, 0, 0, 6, 0, 7
"f:\YajieProject\mall4v\static\plugins\tinymce.4.9.4\plugins\legacyoutput\plugin.js", "JavaScript", 0, 213, 0, 0, 0, 0, 0, 0, 0, 8, 221
"f:\YajieProject\mall4v\static\plugins\tinymce.4.9.4\plugins\legacyoutput\plugin.min.js", "JavaScript", 0, 1, 0, 0, 0, 0, 0, 0, 0, 0, 1
"f:\YajieProject\mall4v\static\plugins\tinymce.4.9.4\plugins\link\index.js", "JavaScript", 0, 1, 0, 0, 0, 0, 0, 0, 6, 0, 7
"f:\YajieProject\mall4v\static\plugins\tinymce.4.9.4\plugins\link\plugin.js", "JavaScript", 0, 695, 0, 0, 0, 0, 0, 0, 0, 19, 714
"f:\YajieProject\mall4v\static\plugins\tinymce.4.9.4\plugins\link\plugin.min.js", "JavaScript", 0, 1, 0, 0, 0, 0, 0, 0, 0, 0, 1
"f:\YajieProject\mall4v\static\plugins\tinymce.4.9.4\plugins\lists\index.js", "JavaScript", 0, 1, 0, 0, 0, 0, 0, 0, 6, 0, 7
"f:\YajieProject\mall4v\static\plugins\tinymce.4.9.4\plugins\lists\plugin.js", "JavaScript", 0, 1087, 0, 0, 0, 0, 0, 0, 0, 29, 1116
"f:\YajieProject\mall4v\static\plugins\tinymce.4.9.4\plugins\lists\plugin.min.js", "JavaScript", 0, 1, 0, 0, 0, 0, 0, 0, 0, 0, 1
"f:\YajieProject\mall4v\static\plugins\tinymce.4.9.4\plugins\media\index.js", "JavaScript", 0, 1, 0, 0, 0, 0, 0, 0, 6, 0, 7
"f:\YajieProject\mall4v\static\plugins\tinymce.4.9.4\plugins\media\plugin.js", "JavaScript", 0, 1135, 0, 0, 0, 0, 0, 0, 0, 32, 1167
"f:\YajieProject\mall4v\static\plugins\tinymce.4.9.4\plugins\media\plugin.min.js", "JavaScript", 0, 1, 0, 0, 0, 0, 0, 0, 0, 0, 1
"f:\YajieProject\mall4v\static\plugins\tinymce.4.9.4\plugins\nonbreaking\index.js", "JavaScript", 0, 1, 0, 0, 0, 0, 0, 0, 6, 0, 7
"f:\YajieProject\mall4v\static\plugins\tinymce.4.9.4\plugins\nonbreaking\plugin.js", "JavaScript", 0, 75, 0, 0, 0, 0, 0, 0, 0, 11, 86
"f:\YajieProject\mall4v\static\plugins\tinymce.4.9.4\plugins\nonbreaking\plugin.min.js", "JavaScript", 0, 1, 0, 0, 0, 0, 0, 0, 0, 0, 1
"f:\YajieProject\mall4v\static\plugins\tinymce.4.9.4\plugins\noneditable\index.js", "JavaScript", 0, 1, 0, 0, 0, 0, 0, 0, 6, 0, 7
"f:\YajieProject\mall4v\static\plugins\tinymce.4.9.4\plugins\noneditable\plugin.js", "JavaScript", 0, 111, 0, 0, 0, 0, 0, 0, 0, 8, 119
"f:\YajieProject\mall4v\static\plugins\tinymce.4.9.4\plugins\noneditable\plugin.min.js", "JavaScript", 0, 1, 0, 0, 0, 0, 0, 0, 0, 0, 1
"f:\YajieProject\mall4v\static\plugins\tinymce.4.9.4\plugins\pagebreak\index.js", "JavaScript", 0, 1, 0, 0, 0, 0, 0, 0, 6, 0, 7
"f:\YajieProject\mall4v\static\plugins\tinymce.4.9.4\plugins\pagebreak\plugin.js", "JavaScript", 0, 99, 0, 0, 0, 0, 0, 0, 0, 11, 110
"f:\YajieProject\mall4v\static\plugins\tinymce.4.9.4\plugins\pagebreak\plugin.min.js", "JavaScript", 0, 1, 0, 0, 0, 0, 0, 0, 0, 0, 1
"f:\YajieProject\mall4v\static\plugins\tinymce.4.9.4\plugins\paste\index.js", "JavaScript", 0, 1, 0, 0, 0, 0, 0, 0, 6, 0, 7
"f:\YajieProject\mall4v\static\plugins\tinymce.4.9.4\plugins\paste\plugin.js", "JavaScript", 0, 1471, 0, 0, 0, 0, 0, 0, 0, 37, 1508
"f:\YajieProject\mall4v\static\plugins\tinymce.4.9.4\plugins\paste\plugin.min.js", "JavaScript", 0, 1, 0, 0, 0, 0, 0, 0, 0, 0, 1
"f:\YajieProject\mall4v\static\plugins\tinymce.4.9.4\plugins\preview\index.js", "JavaScript", 0, 1, 0, 0, 0, 0, 0, 0, 6, 0, 7
"f:\YajieProject\mall4v\static\plugins\tinymce.4.9.4\plugins\preview\plugin.js", "JavaScript", 0, 112, 0, 0, 0, 0, 0, 0, 0, 12, 124
"f:\YajieProject\mall4v\static\plugins\tinymce.4.9.4\plugins\preview\plugin.min.js", "JavaScript", 0, 1, 0, 0, 0, 0, 0, 0, 0, 0, 1
"f:\YajieProject\mall4v\static\plugins\tinymce.4.9.4\plugins\print\index.js", "JavaScript", 0, 1, 0, 0, 0, 0, 0, 0, 6, 0, 7
"f:\YajieProject\mall4v\static\plugins\tinymce.4.9.4\plugins\print\plugin.js", "JavaScript", 0, 32, 0, 0, 0, 0, 0, 0, 0, 7, 39
"f:\YajieProject\mall4v\static\plugins\tinymce.4.9.4\plugins\print\plugin.min.js", "JavaScript", 0, 1, 0, 0, 0, 0, 0, 0, 0, 0, 1
"f:\YajieProject\mall4v\static\plugins\tinymce.4.9.4\plugins\save\index.js", "JavaScript", 0, 1, 0, 0, 0, 0, 0, 0, 6, 0, 7
"f:\YajieProject\mall4v\static\plugins\tinymce.4.9.4\plugins\save\plugin.js", "JavaScript", 0, 110, 0, 0, 0, 0, 0, 0, 0, 11, 121
"f:\YajieProject\mall4v\static\plugins\tinymce.4.9.4\plugins\save\plugin.min.js", "JavaScript", 0, 1, 0, 0, 0, 0, 0, 0, 0, 0, 1
"f:\YajieProject\mall4v\static\plugins\tinymce.4.9.4\plugins\searchreplace\index.js", "JavaScript", 0, 1, 0, 0, 0, 0, 0, 0, 6, 0, 7
"f:\YajieProject\mall4v\static\plugins\tinymce.4.9.4\plugins\searchreplace\plugin.js", "JavaScript", 0, 591, 0, 0, 0, 0, 0, 0, 0, 13, 604
"f:\YajieProject\mall4v\static\plugins\tinymce.4.9.4\plugins\searchreplace\plugin.min.js", "JavaScript", 0, 1, 0, 0, 0, 0, 0, 0, 0, 0, 1
"f:\YajieProject\mall4v\static\plugins\tinymce.4.9.4\plugins\spellchecker\index.js", "JavaScript", 0, 1, 0, 0, 0, 0, 0, 0, 6, 0, 7
"f:\YajieProject\mall4v\static\plugins\tinymce.4.9.4\plugins\spellchecker\plugin.js", "JavaScript", 0, 738, 0, 0, 0, 0, 0, 0, 0, 20, 758
"f:\YajieProject\mall4v\static\plugins\tinymce.4.9.4\plugins\spellchecker\plugin.min.js", "JavaScript", 0, 1, 0, 0, 0, 0, 0, 0, 0, 0, 1
"f:\YajieProject\mall4v\static\plugins\tinymce.4.9.4\plugins\tabfocus\index.js", "JavaScript", 0, 1, 0, 0, 0, 0, 0, 0, 6, 0, 7
"f:\YajieProject\mall4v\static\plugins\tinymce.4.9.4\plugins\tabfocus\plugin.js", "JavaScript", 0, 112, 0, 0, 0, 0, 0, 0, 0, 13, 125
"f:\YajieProject\mall4v\static\plugins\tinymce.4.9.4\plugins\tabfocus\plugin.min.js", "JavaScript", 0, 1, 0, 0, 0, 0, 0, 0, 0, 0, 1
"f:\YajieProject\mall4v\static\plugins\tinymce.4.9.4\plugins\table\index.js", "JavaScript", 0, 1, 0, 0, 0, 0, 0, 0, 6, 0, 7
"f:\YajieProject\mall4v\static\plugins\tinymce.4.9.4\plugins\table\plugin.js", "JavaScript", 0, 9901, 0, 0, 0, 0, 0, 0, 0, 245, 10146
"f:\YajieProject\mall4v\static\plugins\tinymce.4.9.4\plugins\table\plugin.min.js", "JavaScript", 0, 1, 0, 0, 0, 0, 0, 0, 0, 0, 1
"f:\YajieProject\mall4v\static\plugins\tinymce.4.9.4\plugins\template\index.js", "JavaScript", 0, 1, 0, 0, 0, 0, 0, 0, 6, 0, 7
"f:\YajieProject\mall4v\static\plugins\tinymce.4.9.4\plugins\template\plugin.js", "JavaScript", 0, 330, 0, 0, 0, 0, 0, 0, 0, 16, 346
"f:\YajieProject\mall4v\static\plugins\tinymce.4.9.4\plugins\template\plugin.min.js", "JavaScript", 0, 1, 0, 0, 0, 0, 0, 0, 0, 0, 1
"f:\YajieProject\mall4v\static\plugins\tinymce.4.9.4\plugins\textcolor\index.js", "JavaScript", 0, 1, 0, 0, 0, 0, 0, 0, 6, 0, 7
"f:\YajieProject\mall4v\static\plugins\tinymce.4.9.4\plugins\textcolor\plugin.js", "JavaScript", 0, 334, 0, 0, 0, 0, 0, 0, 0, 13, 347
"f:\YajieProject\mall4v\static\plugins\tinymce.4.9.4\plugins\textcolor\plugin.min.js", "JavaScript", 0, 1, 0, 0, 0, 0, 0, 0, 0, 0, 1
"f:\YajieProject\mall4v\static\plugins\tinymce.4.9.4\plugins\textpattern\index.js", "JavaScript", 0, 1, 0, 0, 0, 0, 0, 0, 6, 0, 7
"f:\YajieProject\mall4v\static\plugins\tinymce.4.9.4\plugins\textpattern\plugin.js", "JavaScript", 0, 355, 0, 0, 0, 0, 0, 0, 0, 16, 371
"f:\YajieProject\mall4v\static\plugins\tinymce.4.9.4\plugins\textpattern\plugin.min.js", "JavaScript", 0, 1, 0, 0, 0, 0, 0, 0, 0, 0, 1
"f:\YajieProject\mall4v\static\plugins\tinymce.4.9.4\plugins\toc\index.js", "JavaScript", 0, 1, 0, 0, 0, 0, 0, 0, 6, 0, 7
"f:\YajieProject\mall4v\static\plugins\tinymce.4.9.4\plugins\toc\plugin.js", "JavaScript", 0, 215, 0, 0, 0, 0, 0, 0, 0, 14, 229
"f:\YajieProject\mall4v\static\plugins\tinymce.4.9.4\plugins\toc\plugin.min.js", "JavaScript", 0, 1, 0, 0, 0, 0, 0, 0, 0, 0, 1
"f:\YajieProject\mall4v\static\plugins\tinymce.4.9.4\plugins\visualblocks\css\visualblocks.css", "CSS", 0, 0, 0, 135, 0, 0, 0, 0, 0, 20, 155
"f:\YajieProject\mall4v\static\plugins\tinymce.4.9.4\plugins\visualblocks\index.js", "JavaScript", 0, 1, 0, 0, 0, 0, 0, 0, 6, 0, 7
"f:\YajieProject\mall4v\static\plugins\tinymce.4.9.4\plugins\visualblocks\plugin.js", "JavaScript", 0, 121, 0, 0, 0, 0, 0, 0, 0, 15, 136
"f:\YajieProject\mall4v\static\plugins\tinymce.4.9.4\plugins\visualblocks\plugin.min.js", "JavaScript", 0, 1, 0, 0, 0, 0, 0, 0, 0, 0, 1
"f:\YajieProject\mall4v\static\plugins\tinymce.4.9.4\plugins\visualchars\index.js", "JavaScript", 0, 1, 0, 0, 0, 0, 0, 0, 6, 0, 7
"f:\YajieProject\mall4v\static\plugins\tinymce.4.9.4\plugins\visualchars\plugin.js", "JavaScript", 0, 450, 0, 0, 0, 0, 0, 0, 0, 56, 506
"f:\YajieProject\mall4v\static\plugins\tinymce.4.9.4\plugins\visualchars\plugin.min.js", "JavaScript", 0, 1, 0, 0, 0, 0, 0, 0, 0, 0, 1
"f:\YajieProject\mall4v\static\plugins\tinymce.4.9.4\plugins\wordcount\index.js", "JavaScript", 0, 1, 0, 0, 0, 0, 0, 0, 6, 0, 7
"f:\YajieProject\mall4v\static\plugins\tinymce.4.9.4\plugins\wordcount\plugin.js", "JavaScript", 0, 327, 0, 0, 0, 0, 0, 0, 0, 17, 344
"f:\YajieProject\mall4v\static\plugins\tinymce.4.9.4\plugins\wordcount\plugin.min.js", "JavaScript", 0, 1, 0, 0, 0, 0, 0, 0, 0, 0, 1
"f:\YajieProject\mall4v\static\plugins\tinymce.4.9.4\skins\lightgray\content.inline.min.css", "CSS", 0, 0, 0, 1, 0, 0, 0, 0, 0, 0, 1
"f:\YajieProject\mall4v\static\plugins\tinymce.4.9.4\skins\lightgray\content.min.css", "CSS", 0, 0, 0, 1, 0, 0, 0, 0, 0, 0, 1
"f:\YajieProject\mall4v\static\plugins\tinymce.4.9.4\skins\lightgray\content.mobile.min.css", "CSS", 0, 0, 0, 1, 0, 0, 0, 0, 0, 0, 1
"f:\YajieProject\mall4v\static\plugins\tinymce.4.9.4\skins\lightgray\fonts\tinymce-small.svg", "XML", 0, 0, 0, 0, 63, 0, 0, 0, 0, 0, 63
"f:\YajieProject\mall4v\static\plugins\tinymce.4.9.4\skins\lightgray\fonts\tinymce.svg", "XML", 0, 0, 0, 0, 131, 0, 0, 0, 0, 0, 131
"f:\YajieProject\mall4v\static\plugins\tinymce.4.9.4\skins\lightgray\skin.min.css", "CSS", 0, 0, 0, 1, 0, 0, 0, 0, 0, 0, 1
"f:\YajieProject\mall4v\static\plugins\tinymce.4.9.4\skins\lightgray\skin.mobile.min.css", "CSS", 0, 0, 0, 1, 0, 0, 0, 0, 1, 0, 2
"f:\YajieProject\mall4v\static\plugins\tinymce.4.9.4\themes\inlite\index.js", "JavaScript", 0, 1, 0, 0, 0, 0, 0, 0, 6, 0, 7
"f:\YajieProject\mall4v\static\plugins\tinymce.4.9.4\themes\inlite\theme.js", "JavaScript", 0, 10055, 0, 0, 0, 0, 0, 0, 0, 191, 10246
"f:\YajieProject\mall4v\static\plugins\tinymce.4.9.4\themes\inlite\theme.min.js", "JavaScript", 0, 1, 0, 0, 0, 0, 0, 0, 0, 0, 1
"f:\YajieProject\mall4v\static\plugins\tinymce.4.9.4\themes\mobile\index.js", "JavaScript", 0, 1, 0, 0, 0, 0, 0, 0, 6, 0, 7
"f:\YajieProject\mall4v\static\plugins\tinymce.4.9.4\themes\mobile\theme.js", "JavaScript", 0, 6373, 0, 0, 0, 0, 0, 0, 6930, 245, 13548
"f:\YajieProject\mall4v\static\plugins\tinymce.4.9.4\themes\mobile\theme.min.js", "JavaScript", 0, 1, 0, 0, 0, 0, 0, 0, 0, 0, 1
"f:\YajieProject\mall4v\static\plugins\tinymce.4.9.4\themes\modern\index.js", "JavaScript", 0, 1, 0, 0, 0, 0, 0, 0, 6, 0, 7
"f:\YajieProject\mall4v\static\plugins\tinymce.4.9.4\themes\modern\theme.js", "JavaScript", 0, 9877, 0, 0, 0, 0, 0, 0, 0, 175, 10052
"f:\YajieProject\mall4v\static\plugins\tinymce.4.9.4\themes\modern\theme.min.js", "JavaScript", 0, 1, 0, 0, 0, 0, 0, 0, 0, 0, 1
"f:\YajieProject\mall4v\static\plugins\tinymce.4.9.4\tinymce.min.js", "JavaScript", 0, 1, 0, 0, 0, 0, 0, 0, 1, 0, 2
"f:\YajieProject\mall4v\static\plugins\tinymce.4.9.4\zh_CN.js", "JavaScript", 0, 261, 0, 0, 0, 0, 0, 0, 0, 0, 261
"f:\YajieProject\mall4v\test\e2e\custom-assertions\elementCount.js", "JavaScript", 0, 18, 0, 0, 0, 0, 0, 0, 8, 2, 28
"f:\YajieProject\mall4v\test\e2e\nightwatch.conf.js", "JavaScript", 0, 40, 0, 0, 0, 0, 0, 0, 1, 6, 47
"f:\YajieProject\mall4v\test\e2e\runner.js", "JavaScript", 0, 33, 0, 0, 0, 0, 0, 0, 8, 8, 49
"f:\YajieProject\mall4v\test\e2e\specs\test.js", "JavaScript", 0, 12, 0, 0, 0, 0, 0, 0, 5, 3, 20
"f:\YajieProject\mall4v\test\unit\jest.conf.js", "JavaScript", 0, 27, 0, 0, 0, 0, 0, 0, 3, 1, 31
"f:\YajieProject\mall4v\test\unit\setup.js", "JavaScript", 0, 2, 0, 0, 0, 0, 0, 0, 0, 2, 4
"f:\YajieProject\mall4v\test\unit\specs\HelloWorld.spec.js", "JavaScript", 0, 10, 0, 0, 0, 0, 0, 0, 0, 2, 12
"Total", "-", 97, 57913, 11067, 250, 231, 519, 44, 22, 8060, 2421, 80624